Admission Requirements to Select Public Universities,,,,,,,Acceptance Rate:,Total # of Students:,Male/Female Ratio,Student Population,Freshman Class Size,Average Financial Aid Package ($),Primary Picture:,Secondary Picture (Logo):,CollegeBoard Profile:,Extra Notes:,Key:,TX Public HS Grads:
NAME OF UNIVERISTY,,,,,,,,,,,,,,,,,,
Angelo State University,CLASS RANK/PERCENTILE (%),ACT Comp:,SAT Comp:,SAT Reading:,SAT Math:,SAT Writing:,Acceptance Rate:,Total # Students:,Male/Female Ratio:,Student Population:,Freshman Class Size:,Average Financial Aid Package ($):,Primary Picture:,Secondary Picture (Logo):,CollegeBoard Profile:,Extra Notes:,IR = Individual Review,Distinguished Achievement Plan
"San Angelo, TX.",0-10,0,0,-,-,-,76%,7253,44%/56%,7253,1351,"$11,576.00","http://namesuniversity.com/wp-content/uploads/2015/11/Angelo-State-University.jpg",https://upload.wikimedia.org/wikipedia/en/thumb/d/df/Angelo_State_University_(logo).png/180px-Angelo_State_University_(logo).png,https://bigfuture.collegeboard.org/college-university-search/angelo-state-university,,CR = Committee Review,Advanced High School Plan
,10-50,17,820,-,-,-,-,-,-,,,,t/565a7ae9e4b00f188f479318/1448770282566/,,,,UHS = Unaccredited High School,Recommended High School Plan
,50-75,37,1601,-,-,-,-,-,-,,,,,,,,HS = Home School,Foundations Plan WITH an Endorsement
,75-99,37,1601,-,-,-,-,-,-,,,,,,,,"* = IMPORTANT factor/key/structure/etc (will be noted in ""Extra Notes"")",
,25th Percentile (%):,18,850,420,430,400,-,-,-,,,,,,,,SCHOOL DONE,
,75th Percentile (%):,23,1050,520,530,490,-,-,-,,,,,,,,DATA MISSING,
Lamar University,CLASS RANK/PERCENTILE (%),ACT Comp:,SAT Comp:,SAT Reading:,SAT Math:,SAT Writing:,Acceptance Rate:,Total # Students:,Male/Female Ratio:,Student Population:,Freshman Class Size:,Average Financial Aid Package ($):,Primary Picture:,Secondary Picture (Logo):,CollegeBoard Profile:,Extra Notes:,SCHOOL INCOMPLETE,
"Beaumont, TX.",0-10,0,0,-,-,-,79%,9174,43%/57%,9174,1474,"$6,634.00",http://ww2.hdnux.com/photos/40/74/57/8637397/3/rawImage.jpg,https://cdn2.orgsync.com/images/os-school-logos/355-u80poav-lamar-university-4c-app-sm.png,https://bigfuture.collegeboard.org/college-university-search/lamar-university,,,
,10-25,18,850,-,-,-,-,-,-,,,,,,,,,
,25-50,20,930,-,-,-,-,-,-,,,,,,,,,
,75-99,21,1000,-,-,-,-,-,-,,,,,,,,,
,25th Percentile (%):,18,860,420,440,400,-,-,-,,,,,,,,,
,75th Percentile (%):,23,1070,530,540,500,-,-,-,,,,,,,,,
Tarleton State University,CLASS RANK/PERCENTILE (%),ACT Comp:,SAT Comp:,SAT Reading:,SAT Math:,SAT Writing:,Acceptance Rate:,Total # Students:,Male/Female Ratio:,Student Population:,Freshman Class Size:,Average Financial Aid Package ($):,Primary Picture:,Secondary Picture (Logo):,CollegeBoard Profile:,Extra Notes:,,
"Stephenville, TX.",0-25,0,0,-,-,-,71%,10750,39%/61%,10750,1858,"$9,263.00",http://s3-external-1.amazonaws.com/youvisit-img/Assets/img/locations/93237/1280_profile.jpg?v=1478122954,https://upload.wikimedia.org/wikipedia/en/5/50/Tarleton_State_University_seal.png,https://bigfuture.collegeboard.org/college-university-search/tarleton-state-university,,,
,25-50,0,0,-,-,-,-,-,-,,,,,,,,,
,50-75,16,800,-,-,-,-,-,-,,,,,,,,,
,75-99,37,1601,-,-,-,-,-,-,,,,,,,,,
,25th Percentile (%):,18,850,420,430,400,-,-,-,,,,,,,,,
,75th Percentile (%):,23,1050,520,530,500,-,-,-,,,,,,,,,
Texas A&M International,CLASS RANK/PERCENTILE (%),ACT Comp:,SAT Comp:,SAT Reading:,SAT Math:,SAT Writing:,Acceptance Rate:,Total # Students:,Male/Female Ratio:,Student Population:,Freshman Class Size:,Average Financial Aid Package ($):,Primary Picture:,Secondary Picture (Logo):,CollegeBoard Profile:,Extra Notes:,,
"Laredo, TX.",0-10,0,0,-,-,-,48%,6376,40%/60%,6375,897,"$9,816.00",http://www.atkinsglobal.com/~/media/Images/A/Atkins-Corporate/projects/header-banner/tamiu-student-success-center.jpg?h=394&la=en-GB&w=966,http://bloximages.chicago2.vip.townnews.com/lmtonline.com/content/tncms/assets/v3/editorial/3/62/362de91c-c149-11e4-b974-8faf98013ff4/54f5160b8a521.image.jpg,https://bigfuture.collegeboard.org/college-university-search/texas-am-international-university,,,
,10-25,0,0,-,-,-,-,-,-,,,,,,,,,
,25-40,0,0,-,-,-,-,-,-,,,,,,,,,
,40-99,19,900,-,-,-,-,-,-,,,,,,,,,
,25th Percentile (%):,16,810,390,420,390,-,-,-,,,,,,,,,
,75th Percentile (%):,20,1010,500,510,480,-,-,-,,,,,,,,,
Texas A&M University- College Station,CLASS RANK/PERCENTILE (%),ACT Comp:,SAT Comp:,SAT Reading:,SAT Math:,SAT Writing:,Acceptance Rate:,Total # Students:,Male/Female Ratio:,Student Population:,Freshman Class Size:,Average Financial Aid Package ($):,Primary Picture:,Secondary Picture (Logo):,CollegeBoard Profile:,Extra Notes:,,
"Bryan/College Station, TX.",0-10,0,0,-,-,-,65%,48960,51%/49%,48960,10318,"$16,848.00",http://www.yourcollegedream.com/0375-0.jpg,http://brandguide.tamu.edu/images/logos/tam-logo.png,https://bigfuture.collegeboard.org/college-university-search/texas-am-university,,,
,10-25,30,1300,-,-,-,-,-,-,,,,,,,,,
,25-50,37,1601,-,-,-,-,-,-,,,,,,,,,
,50-99,37,1601,-,-,-,-,-,-,,,,,,,,,
,25th Percentile (%):,25,1070,520,550,490,-,-,-,,,,,,,,,
,75th Percentile (%):,30,1310,640,670,610,-,-,-,,,,,,,,,
Texas A&M University-Commerce,CLASS RANK/PERCENTILE (%),ACT Comp:,SAT Comp:,SAT Reading:,SAT Math:,SAT Writing:,Acceptance Rate:,Total # Students:,Male/Female Ratio:,Student Population:,Freshman Class Size:,Average Financial Aid Package ($):,Primary Picture:,Secondary Picture (Logo),CollegeBoard Profile:,Extra Notes:,,
"Commerce, TX.",0-30,0,0,-,-,-,47%,7642,41%/59%,7642,1097,"$12,250.00",http://sgrhodallas.org/undergraduates/mu-zeta/files/stacks_image_766.jpg,https://leo.tamuc.edu/Images/tamuc-bloclogo.jpg,https://bigfuture.collegeboard.org/college-university-search/texas-am-university-commerce,Must Satisfy 1/2 (SAT/ACT) Requirements,,
,31-100,21,1060,-,-,-,-,-,-,,,,,,,,,
,25th Percentile (%):,18,860,420,440,-,-,-,-,,,,,,,,,
,75th Percentile (%):,24,1080,540,540,-,-,-,-,,,,,,,,,
Texas A&M-Corpus Christi,CLASS RANK/PERCENTILE (%),ACT Comp:,SAT Comp:,SAT Reading:,SAT Math:,SAT Writing:,Acceptance Rate:,Total # Students:,Male/Female Ratio:,Student Population:,Freshman Class Size:,Average Financial Aid Package ($):,Primary Picture:,Secondary Picture (Logo):,CollegeBoard Profile:,Extra Notes:,,
"Corpus Christi, TX.",0-25,0,0,-,-,-,83%,9804,41%/59%,9804,2228,"$9,157.00",http://www.usnews.com/img/college-photo_17049.jpg,https://imagegallery.tamucc.edu/assets/logos/university/tamucc_block/TAMUCC_block-color.jpg,https://bigfuture.collegeboard.org/college-university-search/texas-am-university-corpus-christi,Must still submit scores,,
,26-50,21,1080,-,-,-,-,-,-,,,,,,,,,
,51-75,23,1170,-,-,-,-,-,-,,,,,,,,,
,76-100,27,1270,-,-,-,-,-,-,,,,,,,,,
,25th Percentile (%):,18,870,430,440,410,-,-,-,,,,,,,,,
,75th Percentile (%):,23,1070,530,540,510,-,-,-,,,,,,,,,
Texas A&M University-Kingsville,CLASS RANK/PERCENTILE (%),ACT Comp:,SAT Comp:,SAT Reading:,SAT Math:,SAT Writing:,Acceptance Rate:,Total # Students:,Male/Female Ratio:,Student Population:,Freshman Class Size:,Average Financial Aid Package ($):,Primary Picture:,Secondary Picture (Logo),CollegeBoard Profile:,Extra Notes:,,
"Kingsville, TX.",0-10,0,0,-,-,-,82%,6605,53%/47%,6605,1300,"$13,785.00",http://collegeguide.texasmonthly.com/images/colleges/texas-am-university-kingsville.jpg,http://images.pcmac.org//images/Users/garciac@oeisd.org//amklogo1.gif,https://bigfuture.collegeboard.org/college-university-search/texas-am-university-kingsville,,,
,10-25,15,740,-,-,-,-,-,-,,,,,,,,,
,25-50,17,830,-,-,-,-,-,-,,,,,,,,,
,50-99,20,950,-,-,-,-,-,-,,,,,,,,,
,25th Percentile (%):,17,840,400,440,380,-,-,-,,,,,,,,,
,75th Percentile (%):,22,1050,510,540,480,-,-,-,,,,,,,,,
Texas A&M University-Texarkana ,CLASS RANK/PERCENTILE (%),ACT Comp:,SAT Comp:,SAT Reading:,SAT Math:,SAT Writing:,Acceptance Rate:,Total # Students:,Male/Female Ratio:,Student Population:,Freshman Class Size:,Average Financial Aid Package ($):,Primary Picture:,Secondary Picture (Logo),CollegeBoard Profile:,Extra Notes:,,
"Texarkana, TX.",0-10,0,0,-,-,-,Not Reported,1061,Not Reported,1447,161,"$12,875.00",https://lh3.googleusercontent.com/giRfvKvY0FR6AZGwXnQovA_f_JVX7sywIIzzTwYoHuAy_CqA-Nrz1Kt8Kd5A5J5Nq42Ddq97=s630,http://tamut.edu/global/images/header/logo-large.png,https://bigfuture.collegeboard.org/college-university-search/texas-am-university-texarkana,,,
,10-25,0,0,-,-,-,-,-,-,,,,,,,,,
,25-50,22,1020,-,-,-,-,-,-,,,,,,,,,
,50-99,22,1020,-,-,-,-,-,-,,,,,,,,,
,25th Percentile (%):,,,,,,,,,,,,,,,,,
,75th Percentile (%):,,,,,,,,,,,,,,,,,
Texas Southern University,CLASS RANK/PERCENTILE (%),ACT Comp:,SAT Comp:,SAT Reading:,SAT Math:,SAT Writing:,Acceptance Rate:,Total # Students:,Male/Female Ratio:,Student Population:,Freshman Class Size:,Average Financial Aid Package ($):,Primary Picture:,Secondary Picture (Logo),CollegeBoard Profile:,Extra Notes:,,
"Houston, TX.",0-10,17,820,-,-,-,51%,6915,43%/57%,6696,1457,Not Reported,https://img.rt.com/files/2015.10/original/5617fb79c4618801048b45cd.jpg,http://www.tsu.edu/_resources/images/logo.png,https://bigfuture.collegeboard.org/college-university-search/texas-southern-university,,,
,10-25,17,820,-,-,-,-,-,-,,,,,,,,,
,25-50,17,820,-,-,-,-,-,-,,,,,,,,,
,50-99,17,820,-,-,-,-,-,-,,,,,,,,,
,25th Percentile (%):,15,730,360,370,350,-,-,-,,,,,,,,,
,75th Percentile (%):,18,900,440,460,435,-,-,-,,,,,,,,,
Texas Tech University,CLASS RANK/PERCENTILE (%),ACT Comp:,SAT Comp:,SAT Reading:,SAT Math:,SAT Writing:,Acceptance Rate:,Total # Students:,Male/Female Ratio:,Student Population:,Freshman Class Size:,Average Financial Aid Package ($):,Primary Picture:,Secondary Picture (Logo),CollegeBoard Profile:,Extra Notes:,,
"Lubbock, TX.",0-10,0,0,-,-,-,63%,29237,55%/45%,29237,5160,"$14,376.00",https://www.ttu.edu/_resources/images/seal.jpg,http://images.channeladvisor.com/Sell/SSProfiles/53000111/Images/68/texas_tech_logo.jpg,https://bigfuture.collegeboard.org/college-university-search/texas-tech-university,,,
,10-25,25,1140,-,-,-,-,-,-,,,,,,,,,
,25-50,28,1230,-,-,-,-,-,-,,,,,,,,,
,50-99,29,1270,-,-,-,-,-,-,,,,,,,,,
,25th Percentile (%):,23,1030,510,520,370,-,-,-,,,,,,,,,
,75th Percentile (%):,27,1220,600,620,570,-,-,-,,,,,,,,,
Texas Woman's University,CLASS RANK/PERCENTILE (%),ACT Comp:,SAT Comp:,SAT Reading:,SAT Math:,SAT Writing:,Acceptance Rate:,Total # Students:,Male/Female Ratio:,Student Population:,Freshman Class Size:,Average Financial Aid Package ($):,Primary Picture:,Secondary Picture (Logo),CollegeBoard Profile:,Extra Notes:,,
"Denton, TX.",0-10,0,0,-,-,-,74%,10080,12%/88%,10080,1158,"$12,397.00",http://www.scottmartindesign.com/wp-content/uploads/2010/12/twu-redbud-large.jpg,https://images.efollett.com/htmlroot/images/templates/storeLogos/CA/1097.gif,https://bigfuture.collegeboard.org/college-university-search/texas-womans-university,,,
,10-25,0,0,-,-,-,-,-,-,,,,,,,,,
,25-50,21,1000,-,-,-,-,-,-,,,,,,,,,
,50-99,21,1000,-,-,-,-,-,-,,,,,,,,,
,25th Percentile (%):,17,830,410,420,-,-,-,-,,,,,,,,,
,75th Percentile (%):,23,1050,520,530,-,-,-,-,,,,,,,,,
The University of Texas at Arlington,CLASS RANK/PERCENTILE (%),ACT Comp:,SAT Comp:,SAT Reading:,SAT Math:,SAT Writing:,Acceptance Rate:,Total # Students:,Male/Female Ratio:,Student Population:,Freshman Class Size:,Average Financial Aid Package ($):,Primary Picture:,Secondary Picture (Logo),CollegeBoard Profile:,Extra Notes:,,
"Arlington, TX.",0-10,0,0,-,-,-,61%,29883,40%/60%,30633,Not Reported,"$12,229.00",https://s-media-cache-ak0.pinimg.com/736x/2f/d9/e3/2fd9e3b7977e973673d6aa0f9e414a61.jpg,http://studyarchitecture.com/wp-content/uploads/ut-arlington-logo.png,https://bigfuture.collegeboard.org/college-university-search/university-of-texas-at-arlington,,,
,10-25,22,1050,-,-,-,-,-,-,,,,,,,,,
,25-50,37,1601,-,-,-,-,-,-,,,,,,,,,
,50-99,37,1601,-,-,-,-,-,-,,,,,,,,,
,25th Percentile (%):,20,910,420,490,430,-,-,-,,,,,,,,,
,75th Percentile (%):,26,1170,568,610,550,-,-,-,,,,,,,,,
The University of Texas at Austin,CLASS RANK/PERCENTILE (%),ACT Comp:,SAT Comp:,SAT Reading:,SAT Math:,SAT Writing:,Acceptance Rate:,Total # Students:,Male/Female Ratio:,Student Population:,Freshman Class Size:,Average Financial Aid Package ($):,Primary Picture:,Secondary Picture (Logo),CollegeBoard Profile:,Extra Notes:,,
"Austin, TX.",0-7,0,0,-,-,-,39%,39619,48%/52%,39619,7743,"$11,685.00",http://sites.utexas.edu/aldpes/wp-content/themes/responsive-child-theme/images/default-logo.png,http://www.makoinvent.com/wp-content/uploads/2015/06/University-of-Texas-at-Austin.png,https://bigfuture.collegeboard.org/college-university-search/university-of-texas-at-austin,,,
,8-99,,,-,-,-,-,-,-,,,,,,,,,
,0,,,-,-,-,-,-,-,,,,,,,,,
,0,,,-,-,-,-,-,-,,,,,,,,,
,25th Percentile (%):,26,1170,570,600,560,-,-,-,,,,,,,,,
,75th Percentile (%):,31,1390,680,710,680,-,-,-,,,,,,,,,
The University of Texas at Dallas,CLASS RANK/PERCENTILE (%),ACT Comp:,SAT Comp:,SAT Reading:,SAT Math:,SAT Writing:,Acceptance Rate:,Total # Students:,Male/Female Ratio:,Student Population:,Freshman Class Size:,Average Financial Aid Package ($):,Primary Picture:,Secondary Picture (Logo),CollegeBoard Profile:,Extra Notes:,,
"Richardson, TX.",0-15,0,0,-,-,-,61%,15575,57%/43%,15575,2733,"$15,325.00",https://secure-media.collegeboard.org/CollegePlanning/media/image/photo/2518_Photo.jpg,http://www.freelogovectors.net/wp-content/uploads/2012/04/ut-dallas-logo.jpg,https://bigfuture.collegeboard.org/college-university-search/university-of-texas-at-dallas,,,
,16-100,26,1200,-,-,-,-,-,-,,,,,,Must Satisfy 1/2 (SAT/ACT) Requirements,,,
,,,,-,-,-,-,-,-,,,,,,,,,
,,,,-,-,-,-,-,-,,,,,,,,,
,25th Percentile (%):,25,1160,560,600,520,-,-,-,,,,,,,,,
,75th Percentile (%):,31,1370,670,700,650,-,-,-,,,,,,,,,
The University of Texas at Permian Basin,CLASS RANK/PERCENTILE (%),ACT Comp:,SAT Comp:,SAT Reading:,SAT Math:,SAT Writing:,Acceptance Rate:,Total # Students:,Male/Female Ratio:,Student Population:,Freshman Class Size:,Average Financial Aid Package ($):,Primary Picture:,Secondary Picture (Logo),CollegeBoard Profile:,Extra Notes:,,
"Odessa, TX.",0-10,0,0,-,-,-,84%,5164,44%/56%,5164,415,"$11,880.00",http://www.utpb.edu/images/default-source/default-album/campus-view.jpg?sfvrsn=1,http://www.utpb.edu/Custom/Utpb/Theme/images/logo-utpb-header.png,https://bigfuture.collegeboard.org/college-university-search/university-of-texas-of-the-permian-basin,,,
,10-25,19,950,-,-,-,-,-,-,,,,,,,,,
,25-50,20,1000,-,-,-,-,-,-,,,,,,,,,
,50-99,24,1150,-,-,-,-,-,-,,,,,,,,,
,25th Percentile (%):,18,880,420,460,-,-,-,-,,,,,,,,,
,75th Percentile (%):,22,1070,530,540,-,-,-,-,,,,,,,,,
The University of Texas Rio Grand Valley,CLASS RANK/PERCENTILE (%),ACT Comp:,SAT Comp:,SAT Reading:,SAT Math:,SAT Writing:,Acceptance Rate:,Total # Students:,Male/Female Ratio:,Student Population:,Freshman Class Size:,Average Financial Aid Package ($):,Primary Picture:,Secondary Picture (Logo),CollegeBoard Profile:,Extra Notes:,,
"Edinburg, TX.",0-10,0,0,-,-,-,82%,24937,44%/56%,24937,4181,"$9,626.00",http://rgvnewswire.com/wp-content/uploads/2015/01/UTRGV-Med-School-1024x500.jpg,http://www.finishatut.org/images/utrgv.jpg,https://bigfuture.collegeboard.org/college-university-search/university-of-texas-rio-grande-valley,,,
,10-25,37,1601,-,-,-,-,-,-,,,,,,,,,
,25-50,37,1601,-,-,-,-,-,-,,,,,,,,,
,50-99,37,1601,-,-,-,-,-,-,,,,,,,,,
,25th Percentile (%):,17,840,410,430,400,-,-,-,,,,,,,,,
,75th Percentile (%):,21,1050,520,530,500,-,-,-,,,,,,,,,
The University of Texas at Tyler,CLASS RANK/PERCENTILE (%),ACT Comp:,SAT Comp:,SAT Reading:,SAT Math:,SAT Writing:,Acceptance Rate:,Total # Students:,Male/Female Ratio:,Student Population:,Freshman Class Size:,Average Financial Aid Package ($):,Primary Picture:,Secondary Picture (Logo),CollegeBoard Profile:,Extra Notes:,,
"Tyler, TX.",0-10,20,940,-,-,-,64%,6318,43%/57%,6318,780,Not Reported,https://secure-media.collegeboard.org/CollegePlanning/media/image/photo/143_Photo.jpg,http://www.uttyler.edu/img/main-site/ut-tyler-logo.png,https://bigfuture.collegeboard.org/college-university-search/university-of-texas-at-tyler,,,
,10-25,21,980,-,-,-,-,-,-,,,,,,,,,
,25-50,22,1020,-,-,-,-,-,-,,,,,,,,,
,50-99,23,1050,-,-,-,-,-,-,,,,,,,,,
,25th Percentile (%):,20,970,480,490,450,-,-,-,,,,,,,,,
,75th Percentile (%):,25,1160,570,590,560,-,-,-,,,,,,,,,
University of Houston-Main Campus,CLASS RANK/PERCENTILE (%),ACT Comp:,SAT Comp:,SAT Reading:,SAT Math:,SAT Writing:,Acceptance Rate:,Total # Students:,Male/Female Ratio:,Student Population:,Freshman Class Size:,Average Financial Aid Package ($):,Primary Picture:,Secondary Picture (Logo),CollegeBoard Profile:,Extra Notes:,,
"Houston, TX.",0-10,0,0,-,-,-,59%,34716,51%/49%,34716,4187,"$12,737.00",https://secure-media.collegeboard.org/CollegePlanning/media/image/photo/149_Photo.jpg,http://grfx.cstv.com/schools/hou/graphics/auto/UH_Bevld_WhtBkgrnd.jpg,https://bigfuture.collegeboard.org/college-university-search/university-of-houston,,,
,10-25,21,1100,-,-,-,-,-,-,,,,,,,,,
,25-50,24,1100,-,-,-,-,-,-,,,,,,,,,
,50-99,37,1601,-,-,-,-,-,-,,,,,,,,,
,25th Percentile (%):,23,1050,510,540,-,-,-,-,,,,,,,,,
,75th Percentile (%):,28,1250,610,640,-,-,-,-,,,,,,,,,
University of North Texas,CLASS RANK/PERCENTILE (%),ACT Comp:,SAT Comp:,SAT Reading:,SAT Math:,SAT Writing:,Acceptance Rate:,Total # Students:,Male/Female Ratio:,Student Population:,Freshman Class Size:,Average Financial Aid Package ($):,Primary Picture:,Secondary Picture (Logo),CollegeBoard Profile:,Extra Notes:,,
"Denton, TX.",0-10,0,0,-,-,-,70%,30503,48%/52%,30503,4661,"$13,016.00",https://secure-media.collegeboard.org/CollegePlanning/media/image/photo/3551_Photo.jpg,http://static.wixstatic.com/media/4a07ef_fc8d268947b441aabc56b4f5be6d2e24~mv2.jpg,https://bigfuture.collegeboard.org/college-university-search/university-of-north-texas,,,
,10-25,20,950,-,-,-,-,-,-,,,,,,,,,
,25-50,23,1050,-,-,-,-,-,-,,,,,,,,,
,50-99,26,1180,-,-,-,-,-,-,,,,,,,,,
,25th Percentile (%):,20,990,490,500,460,-,-,-,,,,,,,,,
,75th Percentile (%):,26,1200,600,600,570,-,-,-,,,,,,,,,
University of Houston - Clear Lake,CLASS RANK/PERCENTILE (%),ACT Comp:,SAT Comp:,SAT Reading:,SAT Math:,SAT Writing:,Acceptance Rate:,Total # Students:,Male/Female Ratio:,Student Population:,Freshman Class Size:,Average Financial Aid Package ($):,Primary Picture:,Secondary Picture (Logo),CollegeBoard Profile:,Extra Notes:,,
"Clear Lake/Houston, TX.",0-10,0,0,-,-,-,65%,5427,35%/65%,5427,200,"$10,371.00",https://secure-media.collegeboard.org/CollegePlanning/media/image/photo/468_Photo.jpg,http://www.nrgpark.com/sites/default/files/styles/event_main_image/public/UHCL_860x320.jpg?itok=WXLeuR6m,https://bigfuture.collegeboard.org/college-university-search/university-of-houston-clear-lake,,,
,11-25,20,1030,-,-,-,-,-,-,,,,,,,,,
,26-50,23,1130,-,-,-,-,-,-,,,,,,,,,
,51-99,IR,IR,-,-,-,-,-,-,,,,,,,,,
,25th Percentile (%):,20,940,460,480,428,-,-,-,,,,,,,,,
,75th Percentile (%):,24,1120,560,560,520,-,-,-,,,,,,,,,
University of Houston - Downtown,CLASS RANK/PERCENTILE (%),ACT Comp:,SAT Comp:,SAT Reading:,SAT Math:,SAT Writing:,Acceptance Rate:,Total # Students:,Male/Female Ratio:,Student Population:,Freshman Class Size:,Average Financial Aid Package ($):,Primary Picture:,Secondary Picture (Logo),CollegeBoard Profile:,Extra Notes:,,
"Houston, TX.",0-25,0,0,-,-,-,77%,13245,40%/60%,13245,877,"$10,250.00",https://secure-media.collegeboard.org/CollegePlanning/media/image/photo/471_Photo.jpg,https://upload.wikimedia.org/wikipedia/commons/2/24/University_of_Houston-Downtown_school_logo.png,https://bigfuture.collegeboard.org/college-university-search/university-of-houston-downtown,,,
,26-50,18 (or) GPA,930,-,-,-,-,-,-,,,,,,2.5,,,
,51-99,18 (and) GPA,930,-,-,-,-,-,-,,,,,,2.5,,,
,"GED, HS",18,930,-,-,-,-,-,-,,,,,,,,,
,25th Percentile (%):,16,810,390,420,390,-,-,-,,,,,,,,,
,75th Percentile (%):,20,990,480,510,470,-,-,-,,,,,,,,,
University of Houston - Victoria,CLASS RANK/PERCENTILE (%),ACT Comp:,SAT Comp:,SAT Reading:,SAT Math:,SAT Writing:,Acceptance Rate:,Total # Students:,Male/Female Ratio:,Student Population:,Freshman Class Size:,Average Financial Aid Package ($):,Primary Picture:,Secondary Picture (Logo),CollegeBoard Profile:,Extra Notes:,,
"Victoria, TX.",0-50,18,940,-,-,-,55%,3012,34%/66%,3012,Not Reported,Not Reported,https://secure-media.collegeboard.org/CollegePlanning/media/image/photo/469_Photo.jpg,http://www.uhv.edu/media/uhv/content-assets/images/mkt/UHV-Logo-Horizontal.jpg,https://bigfuture.collegeboard.org/college-university-search/university-of-houston-victoria,,,
,25th Percentile (%):,15,770,380,390,-,-,-,-,,,,,,,,,
,75th Percentile (%):,19,940,460,480,-,-,-,-,,,,,,,,,
,-,-,-,-,-,-,-,-,-,,,,,,,,,
University of North Texas at Dallas,CLASS RANK/PERCENTILE (%),ACT Comp:,SAT Comp:,SAT Reading:,SAT Math:,SAT Writing:,Acceptance Rate:,Total # Students:,Male/Female Ratio:,Student Population:,Freshman Class Size:,Average Financial Aid Package ($):,Primary Picture:,Secondary Picture (Logo),CollegeBoard Profile:,Extra Notes:,,
"Dallas, TX.",0-10,0,0,-,-,-,58%,1952,30%/70%,Not Reported,Not Reported,Not Reported,http://www.untdallas.edu/sites/default/files/feature/news/16002-aeriel_campus_architecture-2963-edit-2_8.jpg,https://yt3.ggpht.com/-rMeas9eUfEE/AAAAAAAAAAI/AAAAAAAAAAA/jQR9Wwe-KIc/s900-c-k-no-mo-rj-c0xffffff/photo.jpg,https://www.untdallas.edu/,,,
,10-24,20,950,-,-,-,-,-,-,,,,,,,,,
,25-49,23,1050,-,-,-,-,-,-,,,,,,,,,
,50-74,26,1180,-,-,-,-,-,-,,,,,,,,,
,75-100,IR,IR,-,-,-,-,-,-,,,,,,,,,
,25th Percentile (%):,16,830,400,430,400,-,-,-,,,,,,,,,
,75th Percentile (%):,21,990,480,510,470,-,-,-,,,,,,,,,
University of Texas at San Antonio (UTSA),CLASS RANK/PERCENTILE (%),ACT Comp:,SAT Comp:,SAT Reading:,SAT Math:,SAT Writing:,Acceptance Rate:,Total # Students:,Male/Female Ratio:,Student Population:,Freshman Class Size:,Average Financial Aid Package ($):,Primary Picture:,Secondary Picture (Logo),CollegeBoard Profile:,Extra Notes:,,
"San Antonio, TX.",0-25,0,0,-,-,-,77%,24462,51%/49%,24462,4976,"$10,482.00",http://www.utsa.edu/ucm/assets/img/ucm-main_img.jpg,https://admin.xosn.com/pics22/0/XM/XMIRKSIVTMOUQFI.20080229170215.jpg?DB_OEM_ID=13100,https://bigfuture.collegeboard.org/college-university-search/university-of-texas-at-san-antonio,,,
,25-50,24,1100,-,-,-,-,-,-,,,,,,MIN ACT/SAT = 19/900 (For Consideration),,,
,50-75,CR,CR,-,-,-,-,-,-,,,,,,MIN ACT/SAT = 21/1000 (For Consideration),,,
,75-100,CR,CR,-,-,-,-,-,-,,,,,,MIN ACT/SAT = 24/1100 (for Consideration,,,
,"GED, UHS, HS",CR,CR,-,-,-,-,-,-,,,,,,,,,
,25th Percentile (%):,20,930,460,470,430,-,-,-,,,,,,,,,
,75th Percentile (%):,25,1150,570,580,540,-,-,-,,,,,,,,,
University of Texas at El Paso,CLASS RANK/PERCENTILE (%),ACT Comp:,SAT Comp:,SAT Reading:,SAT Math:,SAT Writing:,Acceptance Rate:,Total # Students:,Male/Female Ratio:,Student Population:,Freshman Class Size:,Average Financial Aid Package ($):,Primary Picture:,Secondary Picture (Logo),CollegeBoard Profile:,Extra Notes:,,
"El Paso, TX.",0-25,0,0,-,-,-,99%,20220,46%/54%,20220,Not Reported,"$12,395.00",https://secure-media.collegeboard.org/CollegePlanning/media/image/photo/2285_Photo.jpg,,https://bigfuture.collegeboard.org/college-university-search/university-of-texas-at-el-paso,Scores must still be submitted,,
,25-50,19,920,-,-,-,-,-,-,,,,,,,,,
,50-75,20,970,-,-,-,-,-,-,,,,,,,,,
,75-100,21,1010,-,-,-,-,-,-,,,,,,,,,
,"GED, HS, UHS",21,1010,-,-,-,-,-,-,,,,,,,,,
,25th Percentile (%):,17,820,390,430,-,-,-,-,,,,,,,,,
,75th Percentile (%):,22,1050,510,540,-,-,-,-,,,,,,,,,
Texas A&M University - San Antonio,CLASS RANK/PERCENTILE (%),ACT Comp:,SAT Comp:,SAT Reading:,SAT Math:,SAT Writing:,Acceptance Rate:,Total # Students:,Male/Female Ratio:,Student Population:,Freshman Class Size:,Average Financial Aid Package ($):,Primary Picture:,Secondary Picture (Logo),CollegeBoard Profile:,Extra Notes:,,
"San Antonio, TX.",0-25,0,0,-,-,-,,,,,,,http://www.tamusa.edu/uploadfile/folders/mamamia99/Image/Image-634813163255370493-10.100.20.115.jpg,http://images.pcmac.org//images/Users/zamarripad@oeisd.org//new_logo.jpg,,Scores must still be submitted,,
,25-50,18,860,-,-,-,-,-,-,,,,,,,"Students must meet 2/3 of the requirements listed below. (IE: 25-50%, 18 and/or 860",,
,51-100,CR,CR,-,-,-,-,-,-,,,,,,,,,
,25th Percentile (%):,,,,,,-,-,-,,,,,,,,,
,75th Percentile (%):,,,,,,-,-,-,,,,,,,,,
Texas A&M University - Central Texas,CLASS RANK/PERCENTILE (%),ACT Comp:,SAT Comp:,SAT Reading:,SAT Math:,SAT Writing:,Acceptance Rate:,Total # Students:,Male/Female Ratio:,Student Population:,Freshman Class Size:,Average Financial Aid Package ($):,Primary Picture:,Secondary Picture (Logo),CollegeBoard Profile:,Extra Notes:,,
"Killeen, TX.",25th Percentile (%):,,,,,,Not Reported,1904,39%/61%,,,,http://catalog.tamuct.edu/gallery/TAMUCT_Oct12_22486.JPG,https://upload.wikimedia.org/wikipedia/en/7/7e/TAMUCT_seal.png,,IMPORTANT: Min 2.0 GPA and 30+ Undergraduate Hours Required,,
,75th Percentile (%):,,,,,,-,-,-,,,,,,,"IMPORTANT: Does not accept freshman applicaitons, transfer students only.",,
,,-,-,-,-,-,-,-,-,,,,,,,,,
,,-,-,-,-,-,-,-,-,,,,,,,,,
West Texas A&M University,CLASS RANK/PERCENTILE (%),ACT Comp:,SAT Comp:,SAT Reading:,SAT Math:,SAT Writing:,Acceptance Rate:,Total # Students:,Male/Female Ratio:,Student Population:,Freshman Class Size:,Average Financial Aid Package ($):,Primary Picture:,Secondary Picture (Logo),CollegeBoard Profile:,Extra Notes:,,
"Canyon, TX.",0-25,0,0,-,-,-,66%,7279,45%/55%,7279,1425,"$9,099.00",https://secure-media.collegeboard.org/CollegePlanning/media/image/photo/2527_Photo.jpg,http://wtamu.edu/webres/Image/Site%20Pictures/News/graphic_standards_2015fall/Stackedlogo_7421.png,https://bigfuture.collegeboard.org/college-university-search/west-texas-am-university,Obtain minimum 2.0 HS-GPA,,
,26-50,18,860,-,-,-,-,-,-,,,,,,,Obtain minimum 2.0 HS-GPA,,
,51-75,21,980,-,-,-,-,-,-,,,,,,,Obtain minimum 2.0 HS-GPA,,
,76-100,23,1050,-,-,-,-,-,-,,,,,,,Obtain minimum 2.0 HS-GPA,,
,25th Percentile (%):,18,860,420,440,-,-,-,-,,,,,,,,,
,75th Percentile (%):,23,1090,540,550,-,-,-,-,,,,,,,,,
Prairie View A&M University,CLASS RANK/PERCENTILE (%),ACT Comp:,SAT Comp:,SAT Reading:,SAT Math:,SAT Writing:,Acceptance Rate:,Total # Students:,Male/Female Ratio:,Student Population:,Freshman Class Size:,Average Financial Aid Package ($):,Primary Picture:,Secondary Picture (Logo),CollegeBoard Profile:,Extra Notes:,,
"Prairie View, TX.",0-10,0,0,-,-,-,85%,6923,40%/60%,6959,1627,"$14,745.00",http://s3-external-1.amazonaws.com/youvisit-img/Assets/img/locations/80121/1280_profile.jpg,http://www.pvamu.edu/wp-content/themes/pvamu-base/img/pvamu-logo-signature-white-purple.png,https://bigfuture.collegeboard.org/college-university-search/prairie-view-am-university,By GPA after top 10%,,
,2.5-4.0,17,820,-,-,-,-,-,-,,,,,,,,,
Honors Admission by GPA,3.5-4.0,25,1200,-,-,-,-,-,-,,,,,,,,,
,25th Percentile (%):,16,770,380,390,360,-,-,-,,,,,,,,,
,75th Percentile (%):,20,930,460,470,440,-,-,-,,,,,,,,,
Sam Houston State University,CLASS RANK/PERCENTILE (%),ACT Comp:,SAT Comp:,SAT Reading:,SAT Math:,SAT Writing:,Acceptance Rate:,Total # Students:,Male/Female Ratio:,Student Population:,Freshman Class Size:,Average Financial Aid Package ($):,Primary Picture:,Secondary Picture (Logo),CollegeBoard Profile:,Extra Notes:,,
Auto-Admission by GPA,0-10%,0,0,-,-,-,72%,17401,39%/61%,17401,2637,"$12,040.00",http://www.shsu.edu/dotAsset/88a4bf9d-b275-4e9d-b5ea-1588bc670057.jpg,http://www.shsu.edu/dotAsset/d2825d03-5d0f-4b08-99e0-fb6c1ebced03.png,https://bigfuture.collegeboard.org/college-university-search/sam-houston-state-university,,,
"Huntsville, TX.",3.5-4.0,17,930,-,-,-,-,-,-,,,,,,,,,
,3.0-3.49,19,1010,-,-,-,-,-,-,,,,,,,,,
,2.5-2.99,22,1110,-,-,-,-,-,-,,,,,,,,,
,2.25-2.49,25,1210,-,-,-,-,-,-,,,,,,,,,
,0-2.24,IR,IR,-,-,-,-,-,-,,,,,,,,,
,25th Percentile (%):,19,880,450,430,-,-,-,-,,,,,,,,,
,75th Percentile (%):,24,1090,550,540,-,-,-,-,,,,,,,,,
Sul Ross State University,CLASS RANK/PERCENTILE (%),ACT Comp:,SAT Comp:,SAT Reading:,SAT Math:,SAT Writing:,Acceptance Rate:,Total # Students:,Male/Female Ratio:,Student Population:,Freshman Class Size:,Average Financial Aid Package ($):,Primary Picture:,Secondary Picture (Logo),CollegeBoard Profile:,Extra Notes:,,
"Alpine, TX.",0-50,0,0,-,-,-,79%,1359,53%/47%,1359,351,"$11,166.00",http://www.sulross.edu/sites/default/files//slides/slide_show_0001_layer_3.jpg,https://ww2.sulross.edu/siteimages/s.jpg,https://bigfuture.collegeboard.org/college-university-search/sul-ross-state-university,Must Submit Scores,,
,51-75,20,1000,-,-,-,-,-,-,,,,,,,,,
,76-100,20,1000,-,-,-,-,-,-,,,,,,,,,
,25th Percentile (%):,15,740,350,390,360,-,-,-,,,,,,,,,
,75th Percentile (%):,20,940,460,480,430,-,-,-,,,,,,,,,
Midwestern State University,CLASS RANK/PERCENTILE (%),ACT Comp:,SAT Comp:,SAT Reading:,SAT Math:,SAT Writing:,Acceptance Rate:,Total # Students:,Male/Female Ratio:,Student Population:,Freshman Class Size:,Average Financial Aid Package ($):,Primary Picture:,Secondary Picture (Logo),CollegeBoard Profile:,Extra Notes:,,
"Wichita Falls, TX.",0-10,0,0,-,-,-,75%,5287,42%/58%,5287,826,"$10,632.00","https://www.freese.com/sites/default/files/styles/award_image/public/xBirds-Eye,P20of,P20Business,P20Bldg.jpg,qitok=uxa1jaDz.pagespeed.ic.FpBGITQUwo.jpg",https://upload.wikimedia.org/wikipedia/en/3/37/Midwestern_State_University_logo.png,https://bigfuture.collegeboard.org/college-university-search/midwestern-state-university,,,
,11-50,21,1070,-,-,-,-,-,-,,,,,,,,,
,51-75,23,1140,-,-,-,-,-,-,,,,,,,,,
,76-100,24,1180,-,-,-,-,-,-,,,,,,,,,
,"HS, Non-Ranking",By Review,By Review,-,-,-,-,-,-,,,,,,,,,
,25th Percentile (%):,19,890,440,450,420,-,-,-,,,,,,,,,
,75th Percentile (%):,24,1100,550,550,510,-,-,-,,,,,,,,,
Stephen F. Austin State University,CLASS RANK/PERCENTILE (%),ACT Comp:,SAT Comp:,SAT Reading:,SAT Math:,SAT Writing:,Acceptance Rate:,Total # Students:,Male/Female Ratio:,Student Population:,Freshman Class Size:,Average Financial Aid Package ($):,Primary Picture:,Secondary Picture (Logo),CollegeBoard Profile:,Extra Notes:,,
"Nacogdoches, TX.",0-10,0,0,-,-,-,61%,10899,37%/63%,10899,2117,"$12,044.00",http://www.lumberjackexperience.com/images/home-gallery-austin.jpg,https://upload.wikimedia.org/wikipedia/en/7/74/SFA_Texas_Logo.png,https://bigfuture.collegeboard.org/college-university-search/stephen-austin-state-university,,,
,11-25,17,930,-,-,-,-,-,-,,,,,,,,,
,26-50,20,1030,-,-,-,-,-,-,,,,,,,,,
,51-75,24,1170,-,-,-,-,-,-,,,,,,,,,
,76-100,File Review,File Review,-,-,-,-,-,-,,,,,,,,,
,25th Percentile (%):,19,890,440,450,420,-,-,-,,,,,,,,,
,75th Percentile (%):,24,1100,550,550,530,-,-,-,,,,,,,,,
Abilene Christian University,CLASS RANK/PERCENTILE (%),ACT Comp:,SAT Comp:,SAT Reading:,SAT Math:,SAT Writing:,Acceptance Rate:,Total # Students:,Male/Female Ratio:,Student Population:,Freshman Class Size:,Average Financial Aid Package ($):,Primary Picture:,Secondary Picture (Logo),CollegeBoard Profile:,Extra Notes:,,
"Abilene, TX.",Average School Accepted:,24,1150,527,533,505,49%,3760,41%/59%,3760,1072,"$23,064.00",http://blogs.acu.edu/acutoday/files/2013/10/HWC-Pano.jpg,http://www.acu.edu/legacy/campusoffices/university-marketing/brand-resources/logo/share/ACU_Interlock_Stacked.jpg,https://bigfuture.collegeboard.org/college-university-search/abilene-christian-university,Need Clarification on Numbers,,
,25th Percentile (%):,21,1030,470,480,450,-,-,-,,,,,,,,,
,75th Percentile (%):,27,1250,590,590,570,-,-,-,,,,,,,,,
,,,,,,,-,-,-,,,,,,,,,
,,,,,,,-,-,-,,,,,,,,,
Baylor University*,CLASS RANK/PERCENTILE (%),ACT Comp:,SAT Comp:,SAT Reading:,SAT Math:,SAT Writing:,Acceptance Rate:,Total # Students:,Male/Female Ratio:,Student Population:,Freshman Class Size:,Average Financial Aid Package ($):,Primary Picture:,Secondary Picture (Logo),CollegeBoard Profile:,Extra Notes:,,
"Waco, TX.",Average School Accepted:,28,1230,605,625,585,43%,14189,42%/58%,14189,3394,"$28,520.00",http://www.baylor.edu/content/imglib/2/6/6/6/266618_640.png,http://vignette1.wikia.nocookie.net/uncyclopedia/images/9/9b/Baylor_logo.png/revision/latest?cb=20061014005742,https://bigfuture.collegeboard.org/college-university-search/baylor-university,No auto-admission policy*,,
,25th Percentile (%):,25,1140,560,580,530,-,-,-,,,,,,,,,
,75th Percentile (%):,30,1320,650,670,640,-,-,-,,,,,,,,,
,-,-,-,-,-,-,-,-,-,,,,,,,,,
Dallas Baptist University,CLASS RANK/PERCENTILE (%),ACT Comp:,SAT Comp:,SAT Reading:,SAT Math:,SAT Writing:,Acceptance Rate:,Total # Students:,Male/Female Ratio:,Student Population:,Freshman Class Size:,Average Financial Aid Package ($):,Primary Picture:,Secondary Picture (Logo),CollegeBoard Profile:,Extra Notes:,,
"Dallas, TX.",Minimum 2.5 GPA,21,1020,-,-,-,41%,3315,40%/60%,3315,499,"$14,419.00",https://secure-media.collegeboard.org/CollegePlanning/media/image/photo/2494_Photo.jpg,http://images.collegexpress.com/wg_school/1100874_logo.jpg,https://bigfuture.collegeboard.org/college-university-search/dallas-baptist-university,Writing assessment section required.,,
,Average School Accepted:,22,1120,555,565,-,,,,,,,,,,,,
,25th Percentile (%):,19,1030,520,510,-,-,-,-,,,,,,,,,
,75th Percentile (%):,24,1210,610,600,-,-,-,-,,,,,,,,,
,-,-,-,-,-,-,-,-,-,,,,,,,,,
Rice Unviersity*,CLASS RANK/PERCENTILE (%),ACT Comp:,SAT Comp:,SAT Reading:,SAT Math:,SAT Writing:,Acceptance Rate:,Total # Students:,Male/Female Ratio:,Student Population:,Freshman Class Size:,Average Financial Aid Package ($):,Primary Picture:,Secondary Picture (Logo),CollegeBoard Profile:,Extra Notes:,,
"Houston, TX.",25th Percentile (%):,33,1440,710,730,700,15%,3910,53%/47%,3910,968,"$40,885.00",https://secure-media.collegeboard.org/CollegePlanning/media/image/photo/2569_Photo.jpg,https://logopond.com/logos/48689efb9786ce3ea33162ca109473b6.png,https://bigfuture.collegeboard.org/college-university-search/rice-university,No auto-admission policy*,,
,75th Percentile (%):,35,1590,790,800,790,-,-,-,,,,,,,,,
,-,-,-,-,-,-,-,-,-,,,,,,,,,
,-,-,-,-,-,-,-,-,-,,,,,,,,,
St. Edward's University,CLASS RANK/PERCENTILE (%),ACT Comp:,SAT Comp:,SAT Reading:,SAT Math:,SAT Writing:,Acceptance Rate:,Total # Students:,Male/Female Ratio:,Student Population:,Freshman Class Size:,Average Financial Aid Package ($):,Primary Picture:,Secondary Picture (Logo),CollegeBoard Profile:,Extra Notes:,,
"Austin, TX.",0-25,24,1100,-,-,-,77%,4023,39%/61%,4023,873,"$33,812.00",https://secure-media.collegeboard.org/CollegePlanning/media/image/photo/2578_Photo.jpg,http://i.forbesimg.com/media/lists/colleges/saint-edwards-university_416x416.jpg,https://bigfuture.collegeboard.org/college-university-search/st-edwards-university,SAT OR ACT Min. Required,,
,Average School Accepted:,25,1110,560,550,540,-,-,-,,,,,,,,,
,25th Percentile (%):,23,1040,530,510,500,-,-,-,,,,,,,,,
,75th Percentile (%):,27,1220,620,600,600,-,-,-,,,,,,,,,
Southern Methodist University (SMU),CLASS RANK/PERCENTILE (%),ACT Comp:,SAT Comp:,SAT Reading:,SAT Math:,SAT Writing:,Acceptance Rate:,Total # Students:,Male/Female Ratio:,Student Population:,Freshman Class Size:,Average Financial Aid Package ($):,Primary Picture:,Secondary Picture (Logo),CollegeBoard Profile:,Extra Notes:,,
"Dallas, TX.",Average School Accepted:,29,1300,640,660,640,48%,6411,50%/50%,6411,1374,"$41,801.00",https://secure-media.collegeboard.org/CollegePlanning/media/image/photo/2234_Photo.jpg,https://www.smu.edu/~/media/Site/DevelopmentExternalAffairs/PublicAffairs/Logos/athletics/SMUwPerunaRrgb,https://bigfuture.collegeboard.org/college-university-search/southern-methodist-university,With/Or Without Writing Accepted,,
,25th Percentile (%):,28,1220,600,620,600,-,-,-,,,,,,,With/Or Without Writing Accepted,,
,75th Percentile (%):,32,1410,690,720,690,-,-,-,,,,,,,,,
,,-,-,-,-,-,-,-,-,,,,,,,,,
Texas Christian University (TCU),CLASS RANK/PERCENTILE (%),ACT Comp:,SAT Comp:,SAT Reading:,SAT Math:,SAT Writing:,Acceptance Rate:,Total # Students:,Male/Female Ratio:,Student Population:,Freshman Class Size:,Average Financial Aid Package ($):,Primary Picture:,Secondary Picture (Logo),CollegeBoard Profile:,Extra Notes:,,
"Fort Worth, TX.",Average School Accepted:,27,1170,580,590,580,43%,8894,40%/60%,8894,2073,"$27,545.00",https://secure-media.collegeboard.org/CollegePlanning/media/image/photo/2438_Photo.jpg,http://content.sportslogos.net/logos/34/868/full/2658.png,https://bigfuture.collegeboard.org/college-university-search/texas-christian-university,No minimum requirement for GPA or test score to be considered for admission.,,
,25th Percentile (%):,25,1080,530,550,530,-,-,-,,,,,,,,,
,75th Percentile (%):,30,1280,630,650,640,-,-,-,,,,,,,,,
,-,-,-,-,-,-,-,-,-,,,,,,,,,
University of the Incarnate Word,CLASS RANK/PERCENTILE (%),ACT Comp:,SAT Comp:,SAT Reading:,SAT Math:,SAT Writing:,Acceptance Rate:,Total # of Students:,Male/Female Ratio:,Student Population:,Freshman Class Size:,Average Financial Aid Package ($):,Primary Picture:,Secondary Picture (Logo),CollegeBoard Profile:,Extra Notes:,,
"San Antonio, TX.",Average School Accepted:,20,940,460,480,460,92%,6445,39%/61%,6445,906,"$20,108.00",http://www.uiw.edu/styleguide/images/chapel2012.jpg,http://content.sportslogos.net/logos/32/5075/full/7473_incarnate_word__cardinals-secondary-2011.png,https://bigfuture.collegeboard.org/college-university-search/university-of-the-incarnate-word,,,
,25th Percentile (%):,18,860,430,430,410,-,-,-,,,,,,,,,
,75th Percentile (%):,23,1060,530,530,510,-,-,-,,,,,,,,,
,,-,-,-,-,-,-,-,-,,,,,,,,,
Amberton University,CLASS RANK/PERCENTILE (%),ACT Comp:,SAT Comp:,SAT Reading:,SAT Math:,SAT Writing:,Acceptance Rate:,Total # of Students:,Male/Female Ratio:,Student Population:,Freshman Class Size:,Average Financial Aid Package ($):,Primary Picture:,Secondary Picture (Logo),CollegeBoard Profile:,Extra Notes:,,
"Garland, TX.",,,,,,,Not Reported,231,41%/59%,231,Not Reported,Not Reported,https://secure-media.collegeboard.org/CollegePlanning/media/image/photo/344_Photo.jpg,https://files.graphiq.com/10/media/images/t2/Amberton_University_1374392.gif,https://bigfuture.collegeboard.org/college-university-search/amberton-university,,,
,,,,,,,-,-,-,,,,,,,,,
,,,,,,,-,-,-,,,,,,,,,
,,,,,,,-,-,-,,,,,,,,,
Arlington Baptist College,CLASS RANK/PERCENTILE (%),ACT Comp:,SAT Comp:,SAT Reading:,SAT Math:,SAT Writing:,Acceptance Rate:,Total # of Students:,Male/Female Ratio:,Student Population:,Freshman Class Size:,Average Financial Aid Package ($):,Primary Picture:,Secondary Picture (Logo),CollegeBoard Profile:,Extra Notes:,,
"Arlington, TX.",,,,,,,100%,193,63%/37%,212,33,Not Reported,https://austinroommates.files.wordpress.com/2015/03/arlington-baptist-college1.jpg,http://abc.educampusonline.com/wp-content/themes/olc/images/abclogo.png,https://bigfuture.collegeboard.org/college-university-search/arlington-baptist-college,,,
,,,,,,,-,-,-,,,,,,,,,
,,,,,,,-,-,-,,,,,,,,,
,,,,,,,-,-,-,,,,,,,,,
Austin College,CLASS RANK/PERCENTILE (%),ACT Comp:,SAT Comp:,SAT Reading:,SAT Math:,SAT Writing:,Acceptance Rate:,Total # Students:,Male/Female Ratio:,Student Population:,Freshman Class Size:,Average Financial Aid Package ($):,Primary Picture:,Secondary Picture (Logo),CollegeBoard Profile:,Extra Notes:,,
"Sherman, TX.",Average School Accepted:,25,1190,600,590,560,54%,1255,47%/53%,1255,355,"$35,761.00",https://secure-media.collegeboard.org/CollegePlanning/media/image/photo/2723_Photo.jpg,https://images.efollett.com/htmlroot/images/templates/storeLogos/CA/239.gif,https://bigfuture.collegeboard.org/college-university-search/austin-college,,,
,25th Percentile (%):,22,1080,540,540,500,-,-,-,,,,,,,,,
,75th Percentile (%):,28,1290,650,640,630,-,-,-,,,,,,,,,
,,-,-,-,-,-,-,-,-,,,,,,,,,
Bay Ridge Christian College,CLASS RANK/PERCENTILE (%),ACT Comp:,SAT Comp:,SAT Reading:,SAT Math:,SAT Writing:,Acceptance Rate:,Total # Students:,Male/Female Ratio:,Student Population:,Freshman Class Size:,Average Financial Aid Package ($):,Primary Picture:,Secondary Picture (Logo),CollegeBoard Profile:,Extra Notes:,,
"Kendleton, TX.",,,,,,,,,,,,,,,,,,
,,,,,,,-,-,-,,,,,,,,,
,,,,,,,-,-,-,,,,,,,,,
,,,,,,,-,-,-,,,,,,,,,
College of Saint Thomas More,CLASS RANK/PERCENTILE (%),ACT Comp:,SAT Comp:,SAT Reading:,SAT Math:,SAT Writing:,Acceptance Rate:,Total # Students:,Male/Female Ratio:,Student Population:,Freshman Class Size:,Average Financial Aid Package ($):,Primary Picture:,Secondary Picture (Logo),CollegeBoard Profile:,Extra Notes:,,
,,,,,,,,,,,,,,,,,,
,,,,,,,-,-,-,,,,,,,,,
,,,,,,,-,-,-,,,,,,,,,
,,,,,,,-,-,-,,,,,,,,,
Concordia University of Texas*,CLASS RANK/PERCENTILE (%),ACT Comp:,SAT Comp:,SAT Reading:,SAT Math:,SAT Writing:,Acceptance Rate:,Total # Students:,Male/Female Ratio:,Student Population:,Freshman Class Size:,Average Financial Aid Package ($):,Primary Picture:,Secondary Picture (Logo),CollegeBoard Profile:,Extra Notes:,,
"Austin, TX.",GPA of 2.5 (on 4.0 Scale) AND,22,1020,-,-,-,83%,1567,36%/64%,1567,Not Reported,"$23,543.00",https://secure-media.collegeboard.org/CollegePlanning/media/image/photo/335_Photo.jpg,https://static1.squarespace.com/static/55a010cbe4b040d3551b392f/t/5665b1241115e00fb3817a7c/1449505060968/CTX+hispanic+outlook+jobs+higher+education,https://bigfuture.collegeboard.org/college-university-search/concordia-university-texas,Either ACT Min AND/OR SAT Min,,
,25th Percentile (%):,,,,,,-,-,-,,,,,,,*Students Must Have:,,
,75th Percentile (%):,,,,,,-,-,-,,,,,,,,,
,,,,,,,-,-,-,,,,,,,,,
Dallas Christian College*,CLASS RANK/PERCENTILE (%),ACT Comp:,SAT Comp:,SAT Reading:,SAT Math:,SAT Writing:,Acceptance Rate:,Total # Students:,Male/Female Ratio:,Student Population:,Freshman Class Size:,Average Financial Aid Package ($):,Primary Picture:,Secondary Picture (Logo),CollegeBoard Profile:,Extra Notes:,,
"Dallas, TX.",2.5 GPA (out of 4.0) AND,19,900,-,-,-,63%,322,57%/43%,316,60,"$3,808.00",http://www.greatvaluecolleges.net/wp-content/uploads/2015/10/Dallas-Christian-College-Online-Degree-Dallas.jpg,https://balladeer.files.wordpress.com/2013/05/dallas-christian-big.jpg,https://bigfuture.collegeboard.org/college-university-search/dallas-christian-college,Either ACT Min AND/OR SAT Min,,
,25th Percentile (%):,21,810,410,400,360,-,-,-,,,,,,,*Students Must Have:,,
,75th Percentile (%):,24,1090,550,540,520,-,-,-,,,,,,,,,
,,-,-,-,-,-,-,-,-,,,,,,,,,
East Texas Baptist University*,CLASS RANK/PERCENTILE (%),ACT Comp:,SAT Comp:,SAT Reading:,SAT Math:,SAT Writing:,Acceptance Rate:,Total # Students:,Male/Female Ratio:,Student Population:,Freshman Class Size:,Average Financial Aid Package ($):,Primary Picture:,Secondary Picture (Logo),CollegeBoard Profile:,Extra Notes:,,
"Marshall, TX.",0-30%,18,860,-,-,-,55%,1233,46%/54%,1233,342,"$17,240.00",http://www.jedunn.com/sites/default/files/E%20TX%20Baptist%20U_Ornelas_H_E_Night%202%20copy.jpg,https://www.etbu.edu/php/tigerpride/wp-content/uploads/2011/05/1B.png,https://bigfuture.collegeboard.org/college-university-search/east-texas-baptist-university,*Must meet (1) of the following:,,
,"HS, UHS",18,860,-,-,-,-,-,-,,,,,,,,,
,Average School Accepted:,21,980,480,500,-,,,,,,,,,,,,
,25th Percentile (%):,18,910,440,470,-,-,-,-,,,,,,,,,
,75th Percentile (%):,23,1100,530,570,-,-,-,-,,,,,,,,,
Hardin-Simmons University*,CLASS RANK/PERCENTILE (%),ACT Comp:,SAT Comp:,SAT Reading:,SAT Math:,SAT Writing:,Acceptance Rate:,Total # Students:,Male/Female Ratio:,Student Population:,Freshman Class Size:,Average Financial Aid Package ($):,Primary Picture:,Secondary Picture (Logo),CollegeBoard Profile:,Extra Notes:,,
"Abilene, TX.",0-25%,20,1020,-,-,-,60%,1638,46%/54%,1638,413,"$25,800.00",https://secure-media.collegeboard.org/CollegePlanning/media/image/photo/451_Photo.jpg,https://www.physicaltherapist.com/app/uploads/2015/03/29323_HardinSimmons.jpg,https://bigfuture.collegeboard.org/college-university-search/hardin-simmons-university,*Must meet (1) of the following:,,
,Average School Accepted:,23,1040,515,525,490,-,-,-,,,,,,,Writing Portion (ACT) Optional,,
,25th Percentile (%):,19,920,450,470,430,-,-,-,,,,,,,,,
,75th Percentile (%):,25,1140,570,570,540,-,-,-,,,,,,,,,
Howard Payne University,CLASS RANK/PERCENTILE (%),ACT Comp:,SAT Comp:,SAT Reading:,SAT Math:,SAT Writing:,Acceptance Rate:,Total # Students:,Male/Female Ratio:,Student Population:,Freshman Class Size:,Average Financial Aid Package ($):,Primary Picture:,Secondary Picture (Logo),CollegeBoard Profile:,Extra Notes:,,
"Brownwood, TX.",,,,-,-,-,85%,1079,53%/47%,1079,Not Reported,"$19,529.00",https://secure-media.collegeboard.org/CollegePlanning/media/image/photo/2655_Photo.jpg,http://images.collegexpress.com/wg_school/1100881_logo.jpg,https://bigfuture.collegeboard.org/college-university-search/howard-payne-university,Call about Auto Admission,,
,Average School Accepted:,21,965,480,485,-,-,-,-,,,,,,,,,
,25th Percentile (%):,18,850,420,430,-,-,-,-,,,,,,,,,
,75th Percentile (%):,23,1060,530,530,-,-,-,-,,,,,,,,,
,,,,,,-,-,-,-,,,,,,,,,
Huston-Tilloston University,CLASS RANK/PERCENTILE (%),ACT Comp:,SAT Comp:,SAT Reading:,SAT Math:,SAT Writing:,Acceptance Rate:,Total # Students:,Male/Female Ratio:,Student Population:,Freshman Class Size:,Average Financial Aid Package ($):,Primary Picture:,Secondary Picture (Logo),CollegeBoard Profile:,Extra Notes:,,
"Austin, TX.",2.50-4.00,20,900,-,-,-,59%,968,44%/56%,968,146,"$13,066.00",http://www.blackpast.org/files/blackpast_images/Huston-Tillotson_Campus__public_domain_.jpg,http://htu.edu/timthumb/timthumb.php?src=http://htu.edu/wp-content/uploads/2011/08/HT-logo-FINALsmall-e1312206846692.jpg&w=950&h=300&zc=1&a=t,https://bigfuture.collegeboard.org/college-university-search/huston-tillotson-university,"Must satisfy ACT, OR, SAT Requirement with 2.5+/0-20% Rank",,
,0-20%,20,900,-,-,-,-,-,-,,,,,,,,,
,Distinguished Admission:,-,-,-,-,-,-,-,-,,,,,,,,,
,3.5-4.00,22,1000,-,-,-,-,-,-,,,,,,,"Must satisfy ACT, OR, SAT Requirements with 3.5+ GPA/0-10% Rank",,
,0-10%,-,-,-,-,-,-,-,-,,,,,,,Distinguished Applicants are recommended for the W.E.B DuBois Honors Program,,
,25th Percentile (%):,14,680,330,350,-,-,-,-,,,,,,,,,
,75th Percentile (%):,18,900,440,460,-,-,-,-,,,,,,,,,
Jarvis Christian College*,CLASS RANK/PERCENTILE (%),ACT Comp:,SAT Comp:,SAT Reading:,SAT Math:,SAT Writing:,Acceptance Rate:,Total # Students:,Male/Female Ratio:,Student Population:,Freshman Class Size:,Average Financial Aid Package ($):,Primary Picture:,Secondary Picture (Logo),CollegeBoard Profile:,Extra Notes:,,
"Hawkins, TX.",2.0-4.0,18,940,-,-,-,54%,Not Reported,Not Reported,863,251,"$9,247.00",http://www.constructionenterprises.com/images/projectsImgs/Jarvis%20-%20FINAL5.jpg,https://inspirepay.com/system/uploads/account/image/52937404bc25ef6981000073/image/JarvisLogoBlue541_Gold130SETedu_-_Copy.jpg,https://bigfuture.collegeboard.org/college-university-search/jarvis-christian-college,*Must meet (2/3) Requirements:,,
,0-50%,18,940,-,-,-,-,-,-,,,,,,,,,
,25th Percentile (%):,13,620,300,320,310,-,-,-,,,,,,,,,
,75th Percentile (%):,17,800,400,400,390,-,-,-,,,,,,,,,
LeTourneau University,CLASS RANK/PERCENTILE (%),ACT Comp:,SAT Comp:,SAT Reading:,SAT Math:,SAT Writing:,Acceptance Rate:,Total Students:,Male/Female Ratio:,Student Population:,Freshman Class Size:,Average Financial Aid Package ($):,Primary Picture:,Secondary Picture (Logo),CollegeBoard Profile:,Extra Notes:,,
"Longview, TX.",25th Percentile (%):,22,1020,500,520,460,45%,2286,49%/51%,,,,,,,,,
,75th Percentile (%):,29,1280,630,650,600,-,-,-,,,,,,,,,
,,,,,,,-,-,-,,,,,,,,,
Lubbock Christian University,CLASS RANK/PERCENTILE (%),ACT Comp:,SAT Comp:,SAT Reading:,SAT Math:,SAT Writing:,Acceptance Rate:,Total # Students:,Male/Female Ratio:,Student Population:,Freshman Class Size:,Average Financial Aid Package ($):,Primary Picture:,Secondary Picture (Logo),CollegeBoard Profile:,Extra Notes:,,
"Lubbock, TX.",0-100,25,1220,-,-,-,96%,1496,41%/59%,1496,275,"$15,010.00","https://upload.wikimedia.org/wikipedia/commons/thumb/7/71/Lubbock_Christian_University,_Lubbock,_TX_IMG_4699.JPG/250px-Lubbock_Christian_University,_Lubbock,_TX_IMG_4699.JPG",http://arborhotels.com/wp-content/uploads/2016/06/lubbock-christian-university-logo.gif,https://bigfuture.collegeboard.org/college-university-search/lubbock-christian-university,Either ACT or SAT Reqmt Will Guaruntee Admission (NO GPA Requried to be Submitted),,
,Average School Accepted:,22,1000,500,500,485,-,-,-,,,,,,,,,
,25th Percentile (%):,19,870,440,430,420,-,-,-,,,,,,,,,
,75th Percentile (%):,25,1055,550,555,550,-,-,-,,,,,,,,,
North American University,CLASS RANK/PERCENTILE (%),ACT Comp:,SAT Comp:,SAT Reading:,SAT Math:,SAT Writing:,Acceptance Rate:,Total # Students:,Male/Female Ratio:,Student Population:,Freshman Class Size:,Average Financial Aid Package ($):,Primary Picture:,Secondary Picture (Logo),CollegeBoard Profile:,Extra Notes:,,
"Houston, TX.",,,,,,,Not Reported,422,61%/39%,,,,,,,Need Potential Auto Admit Info,,
,Average School Accepted:,19,950,455,495,460,-,-,-,,,,,,,,,
,25th Percentile (%):,16,860,410,450,410,-,-,-,,,,,,,,,
,75th Percentile (%):,21,1050,500,550,500,-,-,-,,,,,,,,,
Northwood University,CLASS RANK/PERCENTILE (%),ACT Comp:,SAT Comp:,SAT Reading:,SAT Math:,SAT Writing:,Acceptance Rate:,Total # Students:,Male/Female Ratio:,Student Population:,Freshman Class Size:,Average Financial Aid Package ($):,Primary Picture:,Secondary Picture (Logo),CollegeBoard Profile:,Extra Notes:,,
,,,,,,,,,,,,,,,,,,
,,,,,,,-,-,-,,,,,,,,,
,,,,,,,-,-,-,,,,,,,,,
,,,,,,,-,-,-,,,,,,,,,
Our Lady of the Lake University,CLASS RANK/PERCENTILE (%),ACT Comp:,SAT Comp:,SAT Reading:,SAT Math:,SAT Writing:,Acceptance Rate:,Total # Students:,Male/Female Ratio:,Student Population:,Freshman Class Size:,Average Financial Aid Package ($):,Primary Picture:,Secondary Picture (Logo),CollegeBoard Profile:,Extra Notes:,,
"San Antonio, TX.",,,,,,-,Not Reported,1528,31%/69%,1528,308,"$25,656.00",https://secure-media.collegeboard.org/CollegePlanning/media/image/photo/2588_Photo.jpg,https://upload.wikimedia.org/wikipedia/en/f/f5/Our_Lady_of_the_Lake_University_revised_logo.jpg,https://bigfuture.collegeboard.org/college-university-search/our-lady-of-the-lake-universityof-san-antonio,Need Potential Auto Admit Info,,
,Average School Accepted:,20,930,465,465,-,-,-,-,,,,,,,,,
,25th Percentile (%):,18,840,420,420,-,-,-,-,,,,,,,,,
,75th Percentile (%):,21,1020,510,510,-,-,-,-,,,,,,,,,
"St. Mary's University, Texas",CLASS RANK/PERCENTILE (%),ACT Comp:,SAT Comp:,SAT Reading:,SAT Math:,SAT Writing:,Acceptance Rate:,Total # Students:,Male/Female Ratio:,Student Population:,Freshman Class Size:,Average Financial Aid Package ($):,Primary Picture:,Secondary Picture (Logo),CollegeBoard Profile:,Extra Notes:,,
"San Antonio, TX.",,,,,,,55%,2309,46%/54%,2309,593,"$25,159.00",https://www.stmarytx.edu/wp-content/uploads/2016/04/st-marys-aerial-view.jpg,http://c.ymcdn.com/sites/alumni.cityyear.org/resource/resmgr/logos/gy_stmarys_linearlogo.jpg,https://bigfuture.collegeboard.org/college-university-search/st-marys-university,,,
,Average School Accepted:,22,1040,517,523,490,-,-,-,,,,,,,,,
,25th Percentile (%):,20,930,460,470,440,-,-,-,,,,,,,,,
,75th Percentile (%):,25,1130,560,570,540,-,-,-,,,,,,,,,
Southwestern Christian College,CLASS RANK/PERCENTILE (%),ACT Comp:,SAT Comp:,SAT Reading:,SAT Math:,SAT Writing:,Acceptance Rate:,Total # Students:,Male/Female Ratio:,Student Population:,Freshman Class Size:,Average Financial Aid Package ($):,Primary Picture:,Secondary Picture (Logo),CollegeBoard Profile:,Extra Notes:,,
,,,,,,,,,,149,60,"$14,370.00",https://secure-media.collegeboard.org/CollegePlanning/media/image/photo/2444_Photo.jpg,https://pbs.twimg.com/profile_images/2631522354/4fc12d3f807691ea0fd315ba98b93b62.jpeg,https://bigfuture.collegeboard.org/college-university-search/southwestern-christian-college,,,
,,,,,,,-,-,-,,,,,,,,,
,,,,,,,-,-,-,,,,,,,,,
,,,,,,,-,-,-,,,,,,,,,
Texas Baptist College,CLASS RANK/PERCENTILE (%),ACT Comp:,SAT Comp:,SAT Reading:,SAT Math:,SAT Writing:,Acceptance Rate:,Total # Students:,Male/Female Ratio:,Student Population:,Freshman Class Size:,Average Financial Aid Package ($):,Primary Picture:,Secondary Picture (Logo),CollegeBoard Profile:,Extra Notes:,,
,,,,,,,,,,,,,,,,,,
,,,,,,,-,-,-,,,,,,,,,
,,,,,,,-,-,-,,,,,,,,,
,,,,,,,-,-,-,,,,,,,,,
Texas Wesleyan University,CLASS RANK/PERCENTILE (%),ACT Comp:,SAT Comp:,SAT Reading:,SAT Math:,SAT Writing:,Acceptance Rate:,Total # Students:,Male/Female Ratio:,Student Population:,Freshman Class Size:,Average Financial Aid Package ($):,Primary Picture:,Secondary Picture (Logo),CollegeBoard Profile:,Extra Notes:,,
"Forth Worth, TX.",2.50-4.00,19,920,-,-,-,45%,1979,47%/53%,1979,369,"$24,439.00",https://secure-media.collegeboard.org/CollegePlanning/media/image/photo/2284_Photo.jpg,https://txwes.edu/media/twu/content-assets/documents/communications/toolbox/TxWesVerticalLogo_onWhite.png,https://bigfuture.collegeboard.org/college-university-search/texas-wesleyan-university,EIther SAT or ACT Minimum Required (No Writing),,
,Average School Accepted:,21,1020,510,510,470,-,-,-,,,,,,,,,
,25th Percentile (%):,19,930,470,460,420,-,-,-,,,,,,,,,
,75th Percentile (%):,23,1090,550,540,510,-,-,-,,,,,,,,,
Trinity University,CLASS RANK/PERCENTILE (%),ACT Comp:,SAT Comp:,SAT Reading:,SAT Math:,SAT Writing:,Acceptance Rate:,Total # Students:,Male/Female Ratio:,Student Population:,Freshman Class Size:,Average Financial Aid Package ($):,Primary Picture:,Secondary Picture (Logo),CollegeBoard Profile:,Extra Notes:,,
"San Antonio, TX.",,-,-,-,-,-,48%,2273,48%/52%,2273,602,"$36,696.00",https://secure-media.collegeboard.org/CollegePlanning/media/image/photo/2287_Photo.jpg,http://odk.org/wp-content/uploads/2014/05/trinity.gif,https://bigfuture.collegeboard.org/college-university-search/trinity-university,,,
,Average School Accepted:,29,1265,630,635,610,-,-,-,,,,,,,,,
,25th Percentile (%):,27,1160,580,580,560,-,-,-,,,,,,,,,
,75th Percentile (%):,32,1370,690,680,660,-,-,-,,,,,,,,,
University of Mary Hardin-Baylor,CLASS RANK/PERCENTILE (%),ACT Comp:,SAT Comp:,SAT Reading:,SAT Math:,SAT Writing:,Acceptance Rate:,Total # Students:,Male/Female Ratio:,Student Population:,Freshman Class Size:,Average Financial Aid Package ($):,Primary Picture:,Secondary Picture (Logo),CollegeBoard Profile:,Extra Notes:,,
"Belton, TX.",0-50 (Rank),20,950,-,-,-,80%,3221,37%/63%,3221,726,"$18,642.00",http://www.usnews.com/img/college-photo_960.jpg,http://news.umhb.edu/sites/news.umhb.edu/files/imagecache/news_zoom/post-images/Armor%20UMHB.jpg,https://bigfuture.collegeboard.org/college-university-search/university-of-mary-hardin-baylor,Either SAT or ACT Min Required,,
,51-100 (Rank),21,990,-,-,-,-,-,-,,,,,,,Either SAT or ACT Min Required,,
,0-10%,0,0,-,-,-,-,-,-,,,,,,,No SAT/ACT Score Submission Required,,
,Average School Accepted:,23,1040,515,525,480,-,-,-,,,,,,,,,
,25th Percentile (%):,20,930,460,470,430,-,-,-,,,,,,,,,
,75th Percentile (%):,26,1130,560,570,530,-,-,-,,,,,,,,,
University of St. Thomas,CLASS RANK/PERCENTILE (%),ACT Comp:,SAT Comp:,SAT Reading:,SAT Math:,SAT Writing:,Acceptance Rate:,Total # Students:,Male/Female Ratio:,Student Population:,Freshman Class Size:,Average Financial Aid Package ($):,Primary Picture:,Secondary Picture (Logo),CollegeBoard Profile:,Extra Notes:,,
"Houston, TX.",2.8-4.0,0,0,-,-,-,78%,1805,41%/59%,1805,243,"$25,306.00",https://www.gradschools.com/sites/all/files/public/images/UST(Campus)FeaturePhoto2.jpg,http://images.collegexpress.com/wg_school/2600151_logo.jpg,https://bigfuture.collegeboard.org/college-university-search/university-of-st-thomas-2318,Must Still Submit Scores,,
,25th Percentile (%):,22,980,480,500,470,-,-,-,,,,,,,,,
,75th Percentile (%):,27,1210,600,610,580,-,-,-,,,,,,,,,
Wayland Baptist University,CLASS RANK/PERCENTILE (%),ACT Comp:,SAT Comp:,SAT Reading:,SAT Math:,SAT Writing:,Acceptance Rate:,Total # Students:,Male/Female Ratio:,Student Population:,Freshman Class Size:,Average Financial Aid Package ($):,Primary Picture:,Secondary Picture (Logo),CollegeBoard Profile:,Extra Notes:,,
"Plainview, TX.",0-50%,18,850,-,-,-,98%,3821,52%/48%,3821,313,"$13,616.00",http://www.sa.wbu.edu/employ/header_image_2.jpg,http://images.collegexpress.com/wg_school/1100506_logo.jpg,https://bigfuture.collegeboard.org/college-university-search/wayland-baptist-university,Either SAT or ACT Min Required,,
,51-75%,20,950,-,-,-,-,-,-,,,,,,,,,
,76-100%,21,1010,-,-,-,-,-,-,,,,,,,,,
,Average School Accepted:,20,905,445,460,425,-,-,-,,,,,,,,,
,25th Percentile (%):,16,790,390,400,370,-,-,-,,,,,,,,,
,75th Percentile (%):,23,1010,490,520,470,-,-,-,,,,,,,,,
Western Texas College,CLASS RANK/PERCENTILE (%),ACT Comp:,SAT Comp:,SAT Reading:,SAT Math:,SAT Writing:,Acceptance Rate:,Total # Students:,Male/Female Ratio:,Student Population:,Freshman Class Size:,Average Financial Aid Package ($):,Primary Picture:,Secondary Picture (Logo),CollegeBoard Profile:,Extra Notes:,,
"Snyder, TX.",,,,,,,89%,2125,52%/48%,,,,,,,,,
,Average School Accepted:,,,,,,-,-,-,,,,,,,,,
,25th Percentile (%):,,,,,,-,-,-,,,,,,,,,
,75th Percentile (%):,,,,,,-,-,-,,,,,,,,,
Houston Baptist University,CLASS RANK/PERCENTILE (%),ACT Comp:,SAT Comp:,SAT Reading:,SAT Math:,SAT Writing:,Acceptance Rate:,Total # Students:,Male/Female Ratio:,Student Population:,Freshman Class Size:,Average Financial Aid Package ($):,Primary Picture:,Secondary Picture (Logo),CollegeBoard Profile:,Extra Notes:,,
"Houston, TX.",,,,,,,33%,2250,39%/61%,2250,545,"$25,556.00",https://secure-media.collegeboard.org/CollegePlanning/media/image/photo/2659_Photo.jpg,http://www.tennisoncampus.com/Assets/USTA+Tennis+on+Campus+2012+Redesign/Team+Profile+Images/Houston+Baptist+University+Club+Tennis+Team+Logo+(50).jpg,https://bigfuture.collegeboard.org/college-university-search/houston-baptist-university,,,
,Average School Accepted:,23,1060,525,535,510,-,-,-,,,,,,,,,
,25th Percentile (%):,20,960,470,490,440,-,-,-,,,,,,,,,
,75th Percentile (%):,25,1150,580,440,560,-,-,-,,,,,,,,,
McMurry University,CLASS RANK/PERCENTILE (%),ACT Comp:,SAT Comp:,SAT Reading:,SAT Math:,SAT Writing:,Acceptance Rate:,Total # Students:,Male/Female Ratio:,Student Population:,Freshman Class Size:,Average Financial Aid Package ($):,Primary Picture:,Secondary Picture (Logo),CollegeBoard Profile:,Extra Notes:,,
"Abilene, TX.",,,,,,,53%,1069,55%/45%,1069,297,"$22,288.00",http://wac.450f.edgecastcdn.net/80450F/keanradio.com/files/2012/08/mcmurray-campus.jpg,https://upload.wikimedia.org/wikipedia/en/thumb/0/00/McMurryWarHawks.png/220px-McMurryWarHawks.png,https://bigfuture.collegeboard.org/college-university-search/mc-murry-university,Inquire About Auto Admission,,
,Average School Accepted:,19,900,435,465,415,-,-,-,,,,,,,,https://www.pqc.edu/admissions/,
,25th Percentile (%):,16,790,380,410,370,-,-,-,,,,,,,,,
,75th Percentile (%):,21,980,470,510,450,-,-,-,,,,,,,,,
Paul Quinn College,CLASS RANK/PERCENTILE (%),ACT Comp:,SAT Comp:,SAT Reading:,SAT Math:,SAT Writing:,Acceptance Rate:,Total # Students:,Male/Female Ratio:,Student Population:,Freshman Class Size:,Average Financial Aid Package ($):,Primary Picture:,Secondary Picture (Logo),CollegeBoard Profile:,Extra Notes:,,
"Dallas, TX.",2.75-4.00,,,,,,98%,243,46%/54%,424,Not Reported,"$5,550.00",http://i.huffpost.com/gadgets/slideshows/41886/slide_41886_326254_free.jpg,https://ejpmarketingco.com/wp-content/uploads/2016/07/pqclogo-1.png,https://bigfuture.collegeboard.org/college-university-search/paul-quinn-college,Must Submit Video Answering Questions,,
,Average School Accepted:,16,820,410,410,390,-,-,-,,,,,,,,,
,25th Percentile (%):,13,720,360,360,380,-,-,-,,,,,,,,,
,75th Percentile (%):,18,890,440,450,490,-,-,-,,,,,,,,,
Schreiner University,CLASS RANK/PERCENTILE (%),ACT Comp:,SAT Comp:,SAT Reading:,SAT Math:,SAT Writing:,Acceptance Rate:,Total # Students:,Male/Female Ratio:,Student Population:,Freshman Class Size:,Average Financial Aid Package ($):,Primary Picture:,Secondary Picture (Logo),CollegeBoard Profile:,Extra Notes:,,
"Kerrville, TX.",0-50%,22,1000,-,-,-,90%,1182,42%/58%,1182,289,"$18,121.00",https://secure-media.collegeboard.org/CollegePlanning/media/image/photo/349_Photo.jpg,https://static1.squarespace.com/static/55b65a8ee4b057b594514677/t/55f1a69be4b0e76a82e8d8d1/1441900190307/,https://bigfuture.collegeboard.org/college-university-search/schreiner-university,Must Meet Either SAT or ACT Min Requirement,,
,Average School Accepted:,22,985,485,500,470,-,-,-,,,,,,,,,
,25th Percentile (%):,19,890,440,450,420,-,-,-,,,,,,,,,
,75th Percentile (%):,24,1090,540,550,520,-,-,-,,,,,,,,,
Southwestern University,CLASS RANK/PERCENTILE (%),ACT Comp:,SAT Comp:,SAT Reading:,SAT Math:,SAT Writing:,Acceptance Rate:,Total # Students:,Male/Female Ratio:,Student Population:,Freshman Class Size:,Average Financial Aid Package ($):,Primary Picture:,Secondary Picture (Logo),CollegeBoard Profile:,Extra Notes:,,
"Georgetown, TX.",Holistic Admission Process,-,-,-,-,-,44%,1515,43%/57%,1515,359,"$34,640.00",http://www.southwestern.edu/images/news/Southwestern_horizontal_shot_of_entrance-reduced.jpg,http://southwesternpirates.com/general/releases/interlocking_SU_with_Southwestern_Pirates_bevel_arc.jpg,https://bigfuture.collegeboard.org/college-university-search/southwestern-university,,,
,Average School Accepted:,26,1155,580,575,-,-,-,-,,,,,,,,,
,25th Percentile (%):,23,1040,520,520,-,-,-,-,,,,,,,,,
,75th Percentile (%):,29,1270,640,630,-,-,-,-,,,,,,,,,
Texas Lutheran University,CLASS RANK/PERCENTILE (%),ACT Comp:,SAT Comp:,SAT Reading:,SAT Math:,SAT Writing:,Acceptance Rate:,Total # Students:,Male/Female Ratio:,Student Population:,Freshman Class Size:,Average Financial Aid Package ($):,Primary Picture:,Secondary Picture (Logo),CollegeBoard Profile:,Extra Notes:,,
"Seguin, TX.",0-15%,0,0,-,-,-,Not Reported,1367,49%/51%,1367,395,Not Reported,http://www.tlu.edu/images/site/registrar_banner_img.jpg,http://directory.samarketplace.com/SanAntonio/TLU/Images/BusLogo.gif,https://bigfuture.collegeboard.org/college-university-search/texas-lutheran-university,Must Still Submit SAT/ACT Scores,,
,3.50-4.00,0,0,-,-,-,-,-,-,,,,,,,Must Still Submit SAT/ACT Scores,,
,3.00-3.49,24,1090,-,-,-,-,-,-,,,,,,,Must Satisfy SAT or ACT Requirement,,
,Average School Accepted:,21,1020,500,520,470,-,-,-,,,,,,,,,
,25th Percentile (%):,19,915,445,470,430,-,-,-,,,,,,,,,
,75th Percentile (%):,23,1115,550,565,520,-,-,-,,,,,,,,,
University of Dallas,CLASS RANK/PERCENTILE (%),ACT Comp:,SAT Comp:,SAT Reading:,SAT Math:,SAT Writing:,Acceptance Rate:,Total # Students:,Male/Female Ratio:,Student Population:,Freshman Class Size:,Average Financial Aid Package ($):,Primary Picture:,Secondary Picture (Logo),CollegeBoard Profile:,Extra Notes:,,
"Irving, TX.",Holistic Admission Process,-,-,-,-,-,64%,1342,44%/56%,1342,393,"$32,174.00",http://sbisteel.com/wp-content/uploads/2013/09/University-of-Dallas-campus1.jpg,https://upload.wikimedia.org/wikipedia/en/thumb/2/20/UDallas_logo.png/200px-UDallas_logo.png,https://bigfuture.collegeboard.org/college-university-search/university-of-dallas,,,
,Average School Accepted:,27,1215,615,595,595,-,-,-,,,,,,,,,
,25th Percentile (%):,24,1080,540,540,530,-,-,-,,,,,,,,,
,75th Percentile (%):,30,1340,690,650,650,-,-,-,,,,,,,,,
Total # of Schools = 75,,,,,,,,,,,,,,,,,,
